Nom latin;Lot;Anciennes clés;Clés revues;Sources des clés
Acer campestre;essai (érables);"petites feuilles à 5 lobes arrondis ; feuilles opposées ; écorce liégeuse ; samares horizontales";"petites feuilles (5-10 cm) à 3-5 lobes arrondis ; rameaux à crêtes de liège ; samares à ailes alignées en ligne droite ; écorce claire crevassée en petites plaques";http://nature.jardin.free.fr/arbre/nmauric_Erable_champetre.htm | https://www.tela-botanica.org/bdtfx-nn-166-description
Acer platanoides;essai (érables);"lobes effilés en pointe ; feuilles opposées ; sève laiteuse ; samares très écartées";"5-7 lobes terminés en longues pointes fines ; sinus larges et arrondis entre les lobes ; grandes feuilles (10-30 cm) à long pétiole ; feuilles opposées (le platane : alternes)";http://nature.jardin.free.fr/arbre/gc_jardin_plata.htm | https://www.tela-botanica.org/2026/04/les-feuilles-des-erables/
Acer pseudoplatanus;essai (érables);"lobes dentés et arrondis ; feuilles opposées ; écorce qui s'écaille ; samares à angle aigu";"5 lobes dentés séparés par des sinus aigus ; dessous des feuilles mat et blanchâtre ; vieille écorce qui s'écaille en plaques ; samares en angle aigu, aile élargie au bout";https://www.tela-botanica.org/bdtfx-nn-158-description | http://nature.jardin.free.fr/arbre/ft_acer_pseudo.html
Acer opalus;essai (érables);"feuilles à 5 lobes courts peu dentés, dessous feutré ; fleurs jaunes avant les feuilles ; feuilles opposées";"5 lobes courts et larges, sinus peu profonds ; bord des lobes à peine denté ; dessous blanchâtre, souvent velu ; samares à coques très renflées";https://www.tela-botanica.org/eflore/?action=fiche&module=fiche&num_nom=193&onglet=description&referentiel=bdtfx | https://www.tela-botanica.org/2026/04/les-feuilles-des-erables/
Acer monspessulanum;essai (érables);"feuilles à 3 lobes entiers, coriaces et luisantes ; feuilles opposées ; samares aux ailes rapprochées";"petite feuille à 3 lobes égaux, bord lisse ; feuille coriace, luisante dessus ; samares à ailes rapprochées, presque parallèles";https://www.tela-botanica.org/bdtfx-nn-182-description | http://nature.jardin.free.fr/arbre/nmauric_acer_monspessulanum.html
Acer negundo;essai (érables);"feuilles composées à 3-5 folioles ; feuilles opposées ; rameaux verts glauques ; croissance rapide";"feuilles composées de 3 à 7 folioles (seul érable) ; foliole terminale souvent à 3 lobes ; jeunes rameaux vert bleuté, poudrés de blanc";http://nature.jardin.free.fr/arbre/ft_acer_negundo.html | https://www.tela-botanica.org/eflore/?action=fiche&module=fiche&num_nom=74932&onglet=description&referentiel=bdtfx
Acer saccharinum;essai (érables);"feuilles profondément découpées, dessous argenté ; branches souples retombantes ; samares très grandes";"5 lobes très profondément découpés et dentés ; dessous des feuilles argenté ; écorce gris argenté";http://nature.jardin.free.fr/arbre/ft_acer_saccharinum.html
Acer rubrum;essai (érables);"feuilles à 3-5 lobes dentés, dessous glauque ; pétiole rouge ; fleurs rouges avant les feuilles ; rouge à l'automne";"3 grands lobes triangulaires (+ 2 petits à la base) ; dessous blanchâtre, pétiole souvent rouge ; fleurs rouges en bouquets avant les feuilles";http://nature.jardin.free.fr/arbre/bl_acer_rubrum.html
Acer palmatum;essai (érables);"petites feuilles palmées à 5-9 lobes profonds ; feuilles opposées ; rouge à l'automne";"5-7 lobes fins et pointus, découpés très profond ; bord des lobes finement denté ; feuillage souvent pourpre (variétés cultivées)";http://nature.jardin.free.fr/arbrisseau/bl_acer_palm_bg.html | http://nature.jardin.free.fr/arbuste/ft_acer_palm_diss.html
Acer cappadocicum;essai (érables);"feuilles à 5-7 lobes pointus entiers ; sève laiteuse ; jaune d'or à l'automne";"5-7 lobes pointus à bord lisse, sans dents ; pétiole rouge ; jaune d'or à l'automne";http://nature.jardin.free.fr/arbre/jlv_acer_cap_aur.html
Acer griseum;1;"écorce cuivrée qui s'exfolie en lamelles de papier ; feuilles à 3 folioles ; feuilles opposées ; rouge à l'automne";"écorce brun cuivré qui pèle en rouleaux de papier ; feuilles à 3 folioles, dessous bleuté ; folioles à bord peu denté";http://nature.jardin.free.fr/1111/acer-griseum.html
Acer saccharum;1;"feuilles à 5 lobes aux sinus arrondis et bords presque entiers ; orange vif à l'automne ; feuilles opposées";"3-5 lobes à pointes obtuses, peu de dents ; sinus arrondis entre les lobes ; samares en U (ailes à environ 60°) ; jaune, orange et rouge vif à l'automne";http://nature.jardin.free.fr/arbre/ft_acer_saccharum.html
Acer tataricum;1;"feuilles en cœur peu lobées et dentées ; samares rouges ; petit arbre";"feuille à 3 lobes, le central nettement plus long ; bord irrégulièrement denté, pétiole pourpré ; samares rouge vif en été";http://nature.jardin.free.fr/arbre/bl_acer_tataricum.html
Acer buergerianum;1;"feuilles à 3 lobes ; écorce qui s'écaille ; rouge à l'automne";"3 lobes courts presque égaux, en trident ; base de la feuille en coin, bord à peine denté ; écorce brun-gris qui se fissure";http://nature.jardin.free.fr/arbre/ft_acer_buergerianum.html | https://www.tela-botanica.org/bdtfx-nn-120964-synthese
Acer davidii;1;"écorce verte striée de blanc ; feuilles ovales peu lobées ; feuilles opposées ; samares à ailes horizontales";"écorce striée de blanc, feuille ovale sans lobes ; feuille pointue, d'abord rouge puis verte ; pétiole rouge";http://nature.jardin.free.fr/arbre/fbg_acer_davidii.htm
Acer pensylvanicum;1;"écorce verte à rayures blanches ; grandes feuilles à 3 lobes ; feuilles opposées ; écorce jeune verte";"écorce verte striée de blanc et feuille à 3 lobes ; lobes latéraux bien plus courts que le central ; pétiole rouge";http://nature.jardin.free.fr/1110/acer_capillipes.html
Quercus robur;1;"feuilles quasi sans pétiole à 2 oreillettes ; glands sur long pédoncule ; port large";"feuilles presque sans pétiole, 2 oreillettes ; glands sur un long pédoncule (2-10 cm) ; bord ondulé à lobes arrondis";http://nature.jardin.free.fr/arbre/ft_quercus_robur.html | https://tela-botanica.org/eflore/?action=fiche&module=fiche&referentiel=bdtfx&onglet=description&num_nom=54548
Quercus petraea;1;"pétiole net de 1-2 cm ; pas d'oreillettes ; glands collés au rameau ; tronc droit";"pétiole net, base en coin sans oreillettes ; glands sans pédoncule, en bouquets sur le rameau ; grand arbre au tronc droit";https://tela-botanica.org/eflore/?action=fiche&module=fiche&referentiel=bdtfx&onglet=description&num_nom=54524 | https://www.tela-botanica.org/bdtfx-nn-54524
Quercus ilex;1;"persistant ; feuilles coriaces, dessous feutré gris ; bord épineux sur jeunes sujets ; écorce quadrillée sombre";"écorce grise finement crevassée, non liégeuse ; feuilles coriaces vert sombre, dessous feutré blanc ; bord épineux sur les jeunes sujets, lisse ensuite";https://tela-botanica.org/eflore/?action=fiche&module=fiche&referentiel=bdtfx&onglet=description&num_nom=54442 | http://nature.jardin.free.fr/arbre/ft_quercus_ilex.html
Quercus rubra;1;"lobes pointus terminés par une soie ; rouge à l'automne ; glands à cupule plate ; écorce lisse à bandes claires";"7-9 lobes terminés par 1 à 3 pointes fines ; sinus peu profonds ; grandes feuilles de 12-20 cm ; cupule plate, en soucoupe";https://www.tela-botanica.org/bdtfx-nn-54564 | https://www.tela-botanica.org/2024/08/avez-vous-vu-ces-cinq-especes-vegetales-en-foret/
Quercus cerris;1;"cupule hérissée d'écailles longues et recourbées ; feuilles à lobes aigus ; écorce sillonnée ; croissance rapide";"cupule hérissée de longues écailles recourbées ; bourgeons entourés de longs filaments ; dessous des feuilles pubescent";https://www.tela-botanica.org/bdtfx-nn-54386
Quercus pubescens;1;"feuilles lobées, jeunes poilues dessous ; feuilles sèches gardées en hiver ; petit arbre tortueux";"jeunes rameaux et dessous des feuilles duveteux ; feuilles fermes à lobes sinueux ; glands sans pédoncule ou presque";https://www.tela-botanica.org/bdtfx-nn-54438-description | http://nature.jardin.free.fr/arbre/ft_quercus_pub.html
Quercus suber;1;"écorce épaisse liégeuse ; feuilles persistantes dentées, dessous gris ; glands à cupule écailleuse ; Méditerranée occidentale";"écorce de liège épaisse, crevassée ; feuilles persistantes dentées, dessous blanchâtre ; petites feuilles coriaces de 3-7 cm";http://nature.jardin.free.fr/arbre/ft_quercus_sub.html | https://www.tela-botanica.org/bdtfx-nn-54585
Quercus palustris;1;"feuilles découpées à lobes aigus et sinus arrondis profonds ; branches basses retombantes ; rouge à l'automne";"petites feuilles (5-10 cm), sinus très profonds en U ; branches basses retombantes ; gland à cupule plate en soucoupe";https://www.tela-botanica.org/bdtfx-nn-75771-synthese | https://oaksoftheworld.fr/quercus_palustris.htm
Quercus coccinea;1;"feuilles à sinus profonds et arrondis ; rouge écarlate à l'automne ; cupule en toupie";"grandes feuilles luisantes, sinus très profonds ; cupule profonde qui emboîte le gland ; rouge écarlate à l'automne";http://www.tela-botanica.org/bdtfx-nn-76463 | https://www.tela-botanica.org/2024/08/avez-vous-vu-ces-cinq-especes-vegetales-en-foret/
Quercus frainetto;1;"très grandes feuilles à nombreux lobes profonds ; port large ; grosses cupules";"très grandes feuilles à 7-10 paires de lobes ; 2 petites oreillettes à la base ; dessous duveteux blanchâtre";https://www.tela-botanica.org/bdtfx-nn-82556 | https://www.treesandshrubsonline.org/articles/quercus/quercus-frainetto/
Quercus macrocarpa;1;"gros glands à cupule frangée ; feuilles à sinus profonds ; écorce liégeuse";"gros gland dans une cupule frangée de poils ; feuille élargie au bout, sinus profond au milieu ; rameaux à crêtes de liège";https://www.minnesotawildflowers.info/tree/bur-oak | https://m.illinoiswildflowers.info/trees/plants/bur_oak.htm
Quercus velutina;1;"feuilles lobées luisantes ; écorce intérieure jaune ; gland à cupule écailleuse";"feuille épaisse très luisante, dessous jaunâtre ; 5-7 lobes à soies, sinus en U ; bourgeons gris velus et anguleux ; écorce noire profondément sillonnée";https://dendro.ohioplants.org/black-oak/ | https://plants.ces.ncsu.edu/plants/quercus-velutina
Quercus canariensis;1;"grandes feuilles dentées semi-persistantes ; port large ; glands";"grandes feuilles ovales à bord festonné, peu lobées ; dessous glauque, jeunes feuilles velues ; feuilles gardées jusqu'à la fin de l'hiver";https://www.tela-botanica.org/bdtfx-nn-54383 | https://jardin-thuret.hub.inrae.fr/content/download/6750/55132?version=1
Quercus pyrenaica;1;"feuilles profondément lobées et duveteuses ; port tortueux ; feuilles sèches gardées";"feuilles très découpées, veloutées dessous ; jeunes pousses blanc argenté teinté de rose ; cupule grise feutrée";https://www.tela-botanica.org/bdtfx-nn-54540-synthese
Quercus coccifera;1;"petit chêne buissonnant ; feuilles piquantes persistantes ; garrigue";"petit chêne buissonnant aux feuilles piquantes ; feuilles vert luisant des 2 côtés, sans feutre ; cupule hérissée d'écailles raides et piquantes";http://nature.jardin.free.fr/arbuste/ft_quercus_cocc.html | https://www.tela-botanica.org/bdtfx-nn-54390
Prunus avium;1;"écorce brillante à lenticelles horizontales ; 2 glandes rouges sur le pétiole ; fleurs blanches en ombelles";"écorce luisante qui pèle en bandes horizontales ; 2 à 5 glandes rouges en haut du pétiole ; fleurs blanches en bouquets de 2 à 6";https://tela-botanica.org/eflore/?action=fiche&module=fiche&referentiel=bdtfx&onglet=description&num_nom=53417
Prunus laurocerasus;1;"feuilles épaisses et luisantes ; odeur d'amande amère ; grappes dressées ; persistant";"feuilles coriaces vernissées, dessous plus pâle ; 2 à 6 points brun-rouge au bas du revers ; grappes dressées de petites fleurs blanches ; petits fruits noirs";http://nature.jardin.free.fr/arbuste/ft_prunus_lau.html | https://www.tela-botanica.org/bdtfx-nn-53544
Prunus cerasifera;1;"feuilles souvent pourpres ; floraison blanche très précoce ; fruits ronds jaunes ou rouges";"fleurs blanches avant les feuilles, fin d'hiver ; feuillage souvent pourpre (variétés cultivées) ; petites prunes rouge sombre à pourpre, pruineuses";http://nature.jardin.free.fr/arbre/ft_prunus_ni.html | http://nature.jardin.free.fr/arbre/ft_prunierornement.html
Prunus padus;1;"grappes pendantes blanches ; écorce à odeur amère ; fruits noirs ; feuilles dentées";"longues grappes pendantes de fleurs blanches ; fleurs après les feuilles ; petits fruits noirs luisants ; écorce sombre à lenticelles blanchâtres";http://nature.jardin.free.fr/1110/prunus_padus.html | https://www.tela-botanica.org/bdtfx-nn-53571
Prunus serrulata;1;"fleurs doubles roses en bouquets ; écorce brun-rouge à lenticelles ; jeunes feuilles bronze";"fleurs doubles en gros bouquets (variétés) ; jeunes feuilles bronze ; feuilles elliptiques finement dentées";http://nature.jardin.free.fr/1102/fbg_prunus_shirotae.html
Prunus × yedoensis;1;"fleurs blanc-rose avant les feuilles ; port étalé ; lenticelles horizontales";"fleurs simples, roses en bouton, presque blanches ; bouquets de 5-6 fleurs avant les feuilles ; feuilles ovales à double denture, pointe effilée";https://www.tela-botanica.org/bdtfx-nn-53393 | https://beanstreesandshrubs.org/browse/prunus/prunus-x-yedoensis-matsum/ | https://landscapeplants.oregonstate.edu/plants/prunus-yedoensis
Prunus dulcis;1;"fleurs rose pâle très précoces ; amande dans une drupe verte veloutée ; feuilles étroites dentées";"fleurs blanches ou rosées avant les feuilles ; feuilles lancéolées luisantes, finement dentées ; fruit vert velouté qui contient l'amande";https://www.tela-botanica.org/bdtfx-nn-53514 | http://nature.jardin.free.fr/1105/prunus_amygdalus.html
Prunus spinosa;1;"épineux ; fleurs blanches avant les feuilles ; prunelles bleu-noir ; drageons";"rameaux épineux enchevêtrés ; petites fleurs blanches avant les feuilles ; prunelles bleu-noir pruineuses, dressées";http://nature.jardin.free.fr/arbre/ft_prunus_spinosa.html | https://www.tela-botanica.org/bdtfx-nn-53652
Prunus lusitanica;1;"feuilles luisantes à pétiole rouge ; longues grappes ; fruits noirs ; persistant";"long pétiole rouge sombre, jeunes rameaux rouges ; feuilles persistantes à bord denté ; longues grappes dressées de petites fleurs";http://nature.jardin.free.fr/arbre/ft_prunus_lu.html
