Nom latin;Statut;Corrections;Sources;Remarques
Acer campestre;conforme;;http://nature.jardin.free.fr/arbre/nmauric_Erable_champetre.htm | https://www.tela-botanica.org/bdtfx-nn-166-description;Hauteur 4-15 m (Jardin) / rarement plus de 10 m (Tela) : fourchette 8-15 m acceptable. Sol tous types, aime le calcaire : cohérent.
Acer platanoides;conforme;;http://nature.jardin.free.fr/arbre/gc_jardin_plata.htm;"Jardin ! : rarement plus de 20-25 m ; Tela : peut dépasser 20 m. 20-30 m acceptable. Voir remarque sur Acer pseudoplatanus pour le texte de confusion (lobes du sycomore)."
Acer pseudoplatanus;corrige;"description.feuilles : « 5 lobes dentés et aigus, face inférieure glauque » → « 5 lobes ovales, inégalement dentés, face inférieure glauque » (appliquée ; https://www.tela-botanica.org/bdtfx-nn-158-description)";http://nature.jardin.free.fr/arbre/ft_acer_pseudo.html | https://www.tela-botanica.org/bdtfx-nn-158-description;Incohérence interne : la description dit lobes « aigus », le texte de confusion Plane/Sycomore dit « dentés et arrondis » (ce dernier est plus proche de Coste). Ce sont plutôt les sinus qui sont étroits et aigus. Hauteur 25-35 m : Jardin ! donne 12-25 m et plus, Tela jusqu'à 40 m, donc acceptable. Écorce en plaques confirmée.
Aesculus hippocastanum;conforme;;http://nature.jardin.free.fr/arbre/ft_aesculus_hi.html | https://www.tela-botanica.org/mobile:bdtfx-nn-1053;"Hauteur 20-30 m (Jardin) / 15-25 m (Smart'Flore) ; floraison avril à juin / mai ; 5 à 7 folioles (Smart'Flore), 5-9 (Coste). « 7 folioles » acceptable mais « 5 à 7 folioles » serait plus exact. Fleurs blanches tachées de jaune puis de rose-rouge. Non vérifié : caractère « fruits lisses » d'Aesculus × carnea (souvent décrits peu ou pas épineux)."
Alnus glutinosa;conforme;;http://nature.jardin.free.fr/1107/alnus_glutinosa.html | https://www.tela-botanica.org/bdtfx-nn-3318-synthese;Hauteur 18-30 m selon les sources (donnée 15-25 m, proche). Floraison février à avril (Tela), cohérent. Sols frais à marécageux, rarement calcaires : « Tous pH » discutable mais non contredit nettement.
Betula pendula;conforme;;http://nature.jardin.free.fr/arbre/ft_betula.html | https://tela-botanica.org/eflore/?action=fiche&module=fiche&num_nom=9626&onglet=synthese&referentiel=bdtfx;"Hauteur 20-25 m selon sources (donnée 15-25 m acceptable). Jardin ! indique qu'il accepte aussi le calcaire ; « Acide à neutre » reste une préférence acceptable."
Carpinus betulus;conforme;;https://www.tela-botanica.org/bdtfx-nn-14637 | http://nature.jardin.free.fr/arbre/ft_carpinus_be.html;"Hauteur 10-25 m / 15-25 m ; floraison avril-mai (donnée « Avril », acceptable) ; feuillage marcescent confirmé."
Castanea sativa;conforme;;http://nature.jardin.free.fr/1103/nmauric_castanea_sativa.html | https://tela-botanica.org/eflore/?action=fiche&module=fiche&num_nom=26443&onglet=description&referentiel=bdtfx;"Hauteur 20-30 m confirmée ; floraison juin-juillet (donnée « Juin », acceptable) ; involucre renfermant 1-3 fruits. Famille Fagaceae confirmée."
Cercis siliquastrum;conforme;;http://nature.jardin.free.fr/arbre/ft_judee.html | https://www.tela-botanica.org/eflore/consultation/index_mobile.php?module=mobile&referentiel=bdtfx&num_nom=75048;"Hauteur 6-10 m (Jardin), 3-10 m (Smart'Flore) ; floraison mars-avril (donnée « Avril », acceptable) ; sol drainé à préférence calcaire, résiste à la sécheresse : culture cohérente."
Fagus sylvatica;conforme;;http://nature.jardin.free.fr/1102/fbg_fagus_sylvatica.html | https://www.tela-botanica.org/eflore/consultation/index_mobile.php?module=mobile&referentiel=bdtfx&num_nom=75130;"Hauteur 25-35 m (Smart'Flore) / 30-40 m (Jardin) ; floraison avril-mai ; cupule à 4 valves, 1-2 faînes : confirmé."
Fraxinus excelsior;conforme;;http://nature.jardin.free.fr/arbre/nmauric_fraxinus_excelsior.html | https://www.tela-botanica.org/eflore/?action=fiche&module=fiche&niveau=2&num_nom=75139&onglet=description&referentiel=bdtfx;Folioles 7-13 (Coste), 7-15 (Smart'Flore), 9-15 (Jardin) : « 9 à 13 » acceptable. Bourgeons noirs, hauteur jusqu'à 35-40 m confirmés. F. angustifolia : bourgeons bruns confirmé.
Ginkgo biloba;conforme;;https://www.tela-botanica.org/eflore/consultation/index_mobile.php?module=mobile&num_nom=30178&referentiel=bdtfx | http://nature.jardin.free.fr/arbre/ft_ginkgo.html | https://www.tela-botanica.org/2020/12/le-ginkgo-une-histoire-qui-a-commence-il-y-a-200-millions-dannees-par-the-conversation/;"Hauteur 20-35 m (Smart'Flore) ; dioïque ; floraison avril-mai (donnée « Avril » acceptable)."
Gleditsia triacanthos;conforme;;http://nature.jardin.free.fr/arbre/nmauric_gleditsia_triacanthos.html | https://www.tela-botanica.org/eflore/consultation/index_mobile.php?module=mobile&referentiel=bdtfx&num_nom=30278;"Smart'Flore : jusqu'à 25 m ; floraison juin-juillet ; gousses longues brun rougeâtre légèrement vrillées. Coquille : « folioles étroits » devrait être « folioles étroites » (foliole est féminin)."
Juglans regia;conforme;;http://nature.jardin.free.fr/1102/nmauric_juglans%20_regia.html | https://www.tela-botanica.org/bdtfx-nn-36333-description;Hauteur 20-30 m, floraison avril-mai, 5-9 folioles, juglone : confirmés.
Liquidambar styraciflua;conforme;;http://nature.jardin.free.fr/arbre/mc_liquidambar_styraciflua.htm;Hauteur 18-22 m (Jardin) à 25-35 m (Tela) : 15-30 m acceptable. Feuilles à 5 ou 7 lobes (donnée « 5 lobes », acceptable). Floraison début-milieu du printemps.
Liriodendron tulipifera;conforme;;http://nature.jardin.free.fr/arbre/cb_Liriodendron.htm | https://www.tela-botanica.org/eflore/consultation/index_mobile.php?module=mobile&referentiel=bdtfx&num_nom=39505;"Feuilles à 4 lobes tronquées, fleur en tulipe : confirmé. Hauteur 40 m en Europe. Floraison : Jardin ! indique fin juin à août selon le climat, une observation Tela note mai ; la donnée « Mai à juin » n'est pas nettement contredite, mais pourrait être élargie en « Mai à juillet ». À arbitrer, pas de correction proposée."
Magnolia grandiflora;conforme;;http://nature.jardin.free.fr/arbre/ft_magnolia.html | https://www.tela-botanica.org/eflore/consultation/index_mobile.php?module=mobile&referentiel=bdtfx&num_nom=40664;"Peut atteindre 30 m ; floraison mai-juillet (Jardin) / juin-septembre (Smart'Flore) : « Juin à août » acceptable. Jardin ! indique qu'il tolère le calcaire : « Acide à neutre » reste une préférence acceptable."
Platanus × hispanica;conforme;;https://www.tela-botanica.org/eflore/consultation/index_mobile.php?module=mobile&referentiel=bdtfx&num_nom=50147;Tela : 30-40 m (donnée 25-35 m, proche). Feuilles à 3-7 lobes aigus plus ou moins profondément séparés : « 3 à 5 lobes peu profonds » est approximatif mais pas nettement faux. Écorce en plaques confirmée.
Populus nigra;conforme;;https://www.tela-botanica.org/mobile:bdtfx-nn-52030 | http://nature.jardin.free.fr/1108/populus_nigra.html | http://nature.jardin.free.fr/arbre/ft_populus_nigra.html;"Smart'Flore et Jardin ! : 30 à 35 m ; la donnée « 20 à 30 m » est un peu basse (pourrait devenir « 25 à 35 m »), mais pas de correction ferme. Feuilles triangulaires à losangiques, pétiole aplati, écorce sombre profondément crevassée, peuplier d'Italie forme colonnaire : confirmés."
Prunus avium;conforme;;https://www.tela-botanica.org/eflore/?action=fiche&module=fiche&num_nom=53417&onglet=description&referentiel=bdtfx | https://tela-botanica.org/eflore/?action=fiche&action=fiche&module=fiche&module=fiche&niveau=1&num_nom=53417&num_nom=53417&onglet=synthese&referentiel=bdtfx&referentiel=bdtfx;"Floraison avril-mai ; 2 glandes rougeâtres au sommet du pétiole (Coste) ; jusqu'à 30 m (donnée 15-25 m acceptable)."
Quercus robur;non_verifie;;;Recherche impossible : quota de recherches web épuisé. Rien de suspect relevé à la lecture.
Quercus ilex;non_verifie;;;Recherche impossible : quota de recherches web épuisé. Rien de suspect relevé à la lecture.
Quercus rubra;non_verifie;;;Recherche impossible : quota de recherches web épuisé. À vérifier : pH « Acide » (souvent donné « Acide à neutre », l'espèce craignant surtout le calcaire).
Robinia pseudoacacia;non_verifie;;;Recherche impossible : quota de recherches web épuisé. Remarque nomenclature (sans renommer) : Sophora japonica, cité dans la confusion, est aujourd'hui Styphnolobium japonicum.
Salix alba;non_verifie;;;"Recherche impossible : quota de recherches web épuisé. À vérifier : « salicyline » ; le terme usuel du principe actif de l'écorce de saule est « salicine ». Remarque nomenclature : Salix fragilis (confusion) est souvent traité aujourd'hui comme Salix × fragilis / Salix euxina."
Sophora japonica;conforme;;https://www.tela-botanica.org/2020/07/quel-est-cet-arbre-dans-ma-ville-le-sophora-du-japon/ | https://www.tela-botanica.org/eflore/consultation/index_mobile.php?module=mobile&referentiel=bdtfx&num_nom=66500;Hauteur (jusqu'à 25 m) et floraison estivale (mi-juillet à août) confirmées. Nom latin : synonyme de Styphnolobium japonicum (nom accepté), signalé sans renommer. L'a_savoir dit « grappes » alors que la description dit « panicules » : écart mineur laissé.
Sorbus aucuparia;conforme;;http://nature.jardin.free.fr/arbrisseau/bl_sorbus_aucuparia.html | https://www.tela-botanica.org/eflore/?action=fiche&module=fiche&niveau=2&num_nom=65277&onglet=description&referentiel=bdtfx;"Hauteur 10-12 m (Jardin !) cohérente ; sol frais drainé, peu calcaire, bois des montagnes siliceuses : culture cohérente."
Tilia cordata;conforme;;https://www.tela-botanica.org/eflore/consultation/index_mobile.php?module=mobile&referentiel=bdtfx&num_nom=68299 | https://www.tela-botanica.org/eflore/?action=fiche&module=fiche&num_nom=68299&onglet=description&referentiel=bdtfx;"Hauteur jusqu'à 30 m confirmée ; feuilles ~8 cm contre 12 cm pour T. platyphyllos."
Ulmus minor;conforme;;https://www.tela-botanica.org/bdtfx-nn-70296-synthese | http://nature.jardin.free.fr/arbre/nmauric_ulmus.html | https://www.tela-botanica.org/eflore/consultation/index_mobile.php?module=mobile&referentiel=bdtfx&num_nom=70296;"Hauteur jusqu'à 30 m ; floraison avant les feuilles, février-avril selon eFlore (Smart'Flore dit avril-mai) : « Février à mars » laissé."
Cedrus atlantica;conforme;;http://nature.jardin.free.fr/arbre/ft_cedre_bleu.html | https://tela-botanica.org/eflore/?action=fiche&module=fiche&num_nom=14937&onglet=description&referentiel=bdtfx;"eFlore donne 30-40 m dans l'aire d'origine (25-30 m pour 'Glauca') ; aiguilles 10-30 mm vert glauque. Fourchette proche, laissée."
Pinus pinea;conforme;;http://nature.jardin.free.fr/arbre/ft_pinus_pin.html | https://www.tela-botanica.org/eflore/consultation/index_mobile.php?module=mobile&referentiel=bdtfx&num_nom=49685;"Hauteur 15-25 m (Jardin !) ; aiguilles par 2 de 10-18/20 cm ; cônes globuleux ~10 cm."
Pinus sylvestris;conforme;;https://www.tela-botanica.org/eflore/consultation/index_mobile.php?module=mobile&referentiel=bdtfx&num_nom=49702 | https://tela-botanica.org/eflore/?action=fiche&module=fiche&num_nom=49702&onglet=description&referentiel=bdtfx;"Jusqu'à 40 m, souvent ~25 m ; aiguilles par 2 de 4-7 cm vrillées, vert glauque ; cônes 3-6 cm."
Taxus baccata;conforme;;https://www.tela-botanica.org/bdtfx-nn-67146-description | http://nature.jardin.free.fr/arbre/dn_taxus_bac.html;"Floraison avril (eFlore) / mars à mai selon climat ; dioïque ; arille seule partie non toxique. Smart'Flore donne jusqu'à 25 m : fourchette 5-15 m laissée (valeur courante)."
Cupressus sempervirens;conforme;;http://nature.jardin.free.fr/arbre/ft_cupressus_se.html | https://www.tela-botanica.org/eflore/consultation/index_mobile.php?module=mobile&referentiel=bdtfx&num_nom=20278;"20-30 m confirmé ; cônes gris brun luisants subglobuleux 2-3 cm (eFlore/Coste) : « 3 cm » acceptable."
Sequoiadendron giganteum;conforme;;https://www.tela-botanica.org/eflore/consultation/index_mobile.php?module=mobile&referentiel=bdtfx&num_nom=63110;Source unique (Smart'Flore) : jusqu'à ~100 m, cônes libérant les graines après le feu. Floraison « Mars » et taille des cônes non vérifiées dans les sources autorisées.
Cornus sanguinea;conforme;;http://nature.jardin.free.fr/1111/cornus-sanguinea.html | https://www.tela-botanica.org/eflore/?action=fiche&module=fiche&num_nom=75064&onglet=description&referentiel=bdtfx;"2-4 m (Jardin !) ; floraison mai-juin (eFlore) ; drupes noir bleuâtre."
Corylus avellana;conforme;;http://nature.jardin.free.fr/arbuste/nmauric_corylus.html | https://tela-botanica.org/eflore/?action=fiche&module=fiche&num_nom=19097&onglet=description&referentiel=bdtfx;"2-5/6 m ; floraison janvier à mars selon les sources : « Février à mars » laissé (fourchette proche)."
Crataegus monogyna;conforme;;http://nature.jardin.free.fr/arbuste/nmauric_Crataegus_monogyna.html | https://www.tela-botanica.org/eflore/consultation/index_mobile.php?module=mobile&referentiel=bdtfx&num_nom=19472;"4-10 m (Smart'Flore), 6-9 m (Jardin !) ; floraison avril-mai (Smart'Flore), avril-juin (eFlore), fin mai (Jardin !) : « Mai » laissé, mais « Avril à mai » serait plus complet."
Ligustrum vulgare;conforme;;http://nature.jardin.free.fr/arbuste/ft_ligustrum_vul.html | https://www.tela-botanica.org/eflore/?action=fiche&module=fiche&num_nom=38945&onglet=description&referentiel=bdtfx;"2-4 m ; floraison mai-juillet (eFlore, Jardin !) : « Juin » laissé (inclus dans la période)."
Viburnum tinus;conforme;;http://nature.jardin.free.fr/arbuste/ft_lauriertin.html | https://www.tela-botanica.org/eflore/consultation/index_mobile.php?module=mobile&referentiel=bdtfx&num_nom=71463;"2-4 m (Jardin !) ; baies bleu foncé métallique ; boutons roses. Floraison : Jardin ! dit janvier à avril, Smart'Flore « presque toute l'année » : « Octobre à avril » non contredit nettement, laissé. Famille Adoxaceae conforme APG IV (Viburnaceae dans les classifications plus récentes)."
Buxus sempervirens;conforme;;http://nature.jardin.free.fr/arbuste/nmauric_buxus_sempervirens.htm | https://tela-botanica.org/eflore/?action=fiche&module=fiche&num_nom=11691&onglet=description&referentiel=bdtfx;"1-5 m (eFlore) ; floraison mars-avril (eFlore) ; capsule à 3 cornes."
Sambucus nigra;conforme;;http://nature.jardin.free.fr/arbuste/nmauric_sambucus.html | https://www.tela-botanica.org/bdtfx-nn-60241-description;"2-6 m (eFlore) ; 5-7 folioles ; floraison juin (eFlore), juin-juillet, dès fin avril-mai dans le Sud (Jardin !) : « Mai à juin » laissé."
Laurus nobilis;conforme;;https://tela-botanica.org/eflore/?action=fiche&module=fiche&num_nom=38070&onglet=description&referentiel=bdtfx | https://www.tela-botanica.org/eflore/consultation/index_mobile.php?module=mobile&referentiel=bdtfx&num_nom=38070;"2-10 m ; floraison mars-mai, surtout mars-avril ; dioïque. Fleurs dites « blanchâtres » par eFlore (souvent jaune pâle) : laissé."
Nerium oleander;conforme;;http://nature.jardin.free.fr/arbuste/ft_laurierrose.html | https://www.tela-botanica.org/eflore/?action=fiche&module=fiche&num_nom=75257&onglet=description&referentiel=bdtfx;"1-4 m (eFlore), 2-6 m (Jardin !) ; feuilles opposées ou ternées ; floraison juin-septembre (eFlore) ; toutes parties toxiques."
Prunus laurocerasus;conforme;;http://nature.jardin.free.fr/arbuste/ft_prunus_lau.html | https://www.tela-botanica.org/eflore/consultation/index_mobile.php?module=mobile&referentiel=bdtfx&num_nom=53544;"3-6/8 m ; floraison avril-mai ; grappes dressées."
Ilex aquifolium;conforme;;http://nature.jardin.free.fr/arbre/ft_ilex_aquifolium.html | https://www.tela-botanica.org/bdtfx-nn-35676;"5-15 m (Jardin !) ; floraison mai-juin ; dioïque."
Hydrangea macrophylla;conforme;;http://nature.jardin.free.fr/arbrisseau/ft_hortensia.html;"0,90-1,80 m ; floraison juillet-août selon Jardin ! (« Juin à septembre » proche, laissé) ; bleu en sol acide, rose en sol alcalin."
Choisya ternata;conforme;;http://nature.jardin.free.fr/arbuste/nm_choisya_ternata.html;"1,80-3 m ; floraison avril à juin selon climat, souvent remontante à l'automne ; famille Rutaceae non vérifiée explicitement mais certaine."
Lavandula angustifolia;corrige;"description.fleurs : « Épis sans bractées, bleu violet » → « Épis bleu violet, sans bractées colorées au sommet » (appliquée ; https://tela-botanica.org/eflore/?action=fiche&module=fiche&num_nom=38072&onglet=description&referentiel=bdtfx)";http://nature.jardin.free.fr/arbrisseau/ft_lavande.html | https://tela-botanica.org/eflore/?action=fiche&module=fiche&num_nom=38072&onglet=description&referentiel=bdtfx | https://www.tela-botanica.org/mobile:bdtfx-nn-38073;"La lavande vraie a des bractées florales (discrètes, brunes) ; c'est l'absence de bractées terminales colorées qui la distingue de L. stoechas. Hauteur 40-80 cm un peu haute (eFlore 20-60 cm, Smart'Flore 30-60 cm) mais laissée. Floraison juin à août confirmée."
Rosmarinus officinalis;conforme;;http://nature.jardin.free.fr/arbuste/ft_romarin.html | https://www.tela-botanica.org/eflore/consultation/index_mobile.php?module=mobile&referentiel=bdtfx&num_nom=75333;"1-1,50 m confirmé. Floraison très étalée selon les sources (hiver, automne, toute l'année en région méditerranéenne) : « Mars à mai » non contredit nettement, laissé. Nom latin : synonyme de Salvia rosmarinus (nom accepté, et retenu par Tela Botanica), signalé sans renommer ; la famille Lamiaceae reste juste."
Hedera helix;conforme;;http://nature.jardin.free.fr/grimpante/ft_hedera_helix.html | https://tela-botanica.org/eflore/?action=fiche&module=fiche&niveau=2&num_nom=30892&onglet=description&referentiel=bdtfx;eFlore : floraison septembre-octobre (donnée : septembre à novembre, écart mineur). Smart'Flore : jusqu'à 30 m. Confusion avec Hedera colchica (odeur de céleri, poils étoilés) non vérifiée : budget de recherche épuisé.
Wisteria sinensis;conforme;;http://nature.jardin.free.fr/grimpante/ft_wistaria_sin.html;Source : 10 à 25 m, floraison avril-mai avant le feuillage, parfumée. Sens d'enroulement cité dans la confusion non vérifié par une source (budget de recherche épuisé).
Clematis vitalba;conforme;;https://www.tela-botanica.org/eflore/?action=fiche&module=fiche&num_nom=18235&onglet=description&referentiel=bdtfx | http://nature.jardin.free.fr/grimpante/nmauric_clematis_vitalba.htm;"eFlore donne une floraison juin-août ; la donnée « Juillet à septembre » est décalée d'un mois, sans contradiction franche. À harmoniser éventuellement en « Juin à août »."
Miscanthus sinensis;conforme;;http://nature.jardin.free.fr/1102/cb_Miscanthus_sinensis.html;Source : 1,30 à 2,50 m, floraison fin d'été et automne, dès août selon cultivars.
Stipa tenuissima;conforme;;http://nature.jardin.free.fr/1102/cb_Stipa_papposa.html | https://www.tela-botanica.org/eflore/?action=fiche&action=fiche&module=fiche&module=fiche&niveau=3&num_nom=78023&num_nom=78023&onglet=nomenclature&referentiel=bdtfx&referentiel=bdtfx | http://nature.jardin.free.fr/2022/nassella-tenuissima.html;Nom latin synonyme : le nom retenu (Tela Botanica / Flora gallica) est Nassella tenuissima. Hauteur 0,40 à 0,60 m confirmée.
Achillea millefolium;conforme;;http://nature.jardin.free.fr/vivace/dn_achillea_mi.html | https://tela-botanica.org/eflore/?action=fiche&module=fiche&num_nom=365&onglet=description&referentiel=bdtfx;"eFlore : tiges 2-7 dm, floraison juin-septembre ; Jardin ! : jusqu'en novembre selon climat."
Catalpa bignonioides;conforme;;http://nature.jardin.free.fr/arbre/mc_catalpa.htm | https://www.tela-botanica.org/2020/08/quel-est-cet-arbre-dans-ma-ville-le-catalpa-commun-larbre-des-indiens-cherokee/;Source : 8-15 m, floraison mi-juin à juillet.
Larix decidua;conforme;;http://nature.jardin.free.fr/1105/larix_decidua.html | https://www.tela-botanica.org/bdtfx-nn-75208-description;Source : 25 à 35 m, floraison mars-avril avec le feuillage.
Olea europaea;conforme;;https://www.tela-botanica.org/eflore/?action=fiche&langue=en&module=fiche&num_nom=44593&onglet=description&referentiel=bdtfx | https://www.tela-botanica.org/eflore/consultation/index_mobile.php?module=mobile&referentiel=bdtfx&num_nom=119864;"eFlore : 2 à 10 m, floraison mai-juin ; Smart'Flore : 15-20 m, tronc noueux. Champ culture absent, non complété."
Picea abies;conforme;;http://nature.jardin.free.fr/arbre/mc_picea_abies.htm | https://tela-botanica.org/eflore/?action=fiche&module=fiche&num_nom=75288&onglet=description&referentiel=bdtfx;30 à 40 m (plus de 50 m pour les vieux sujets), aiguilles quadrangulaires piquantes 15-25 mm, cônes pendants 10-15 cm : confirmés. Confusion sapin/épicéa confirmée (aiguilles plates à 2 bandes blanches, cônes dressés).
Salix babylonica;conforme;;https://www.tela-botanica.org/mobile:bdtfx-nn-59332 | https://www.tela-botanica.org/2024/10/popplante-3-les-plantes-dans-la-pop-culture/;"Hauteurs divergentes selon les sources (5-10 m Smart'Flore, 10-30 m Tela Botanica) ; 10-15 m laissé. En France, le « saule pleureur » planté est souvent Salix × sepulcralis (saule pleureur doré)."
Aucuba japonica;conforme;;http://nature.jardin.free.fr/arbuste/ft_aucuba_ja.html;Source : 2-3 m, dioïque, floraison avril-mai (donnée mars à avril, écart mineur).
Berberis thunbergii;conforme;;http://nature.jardin.free.fr/arbuste/nmauric.%20epine-vinette.htm;"Source : 0,60-2 m, floraison avril à juin selon climat ; fleurs en petits bouquets de 2 à 4 (donnée « isolées » approximative)."
Buddleja davidii;conforme;;http://nature.jardin.free.fr/arbuste/ft_arbrepapillon.html | https://www.tela-botanica.org/eflore/consultation/index_mobile.php?module=mobile&referentiel=bdtfx&num_nom=11336;"2-4 m, floraison juin/juillet à octobre ; Smart'Flore la considère envahissante en France."
Camellia japonica;corrige;"culture.0 : « Mi-ombre à ombre » → « Mi-ombre » (appliquée ; http://nature.jardin.free.fr/arbuste/ft_camelia.html)";http://nature.jardin.free.fr/arbuste/ft_camelia.html;"Source : sol acide, humifère, frais et drainant (pH 5,5 à 7) ; espèce type 6 à 9 m, cultivars plus petits."
Cornus alba;conforme;;http://nature.jardin.free.fr/arbrisseau/fbg_cornus_alba.htm;Source : 1,8 à 3 m, corymbes blancs fin de printemps-début d'été, baies blanc bleuté.
Cotinus coggygria;conforme;;http://nature.jardin.free.fr/arbuste/mc_cotinus.htm | https://tela-botanica.org/eflore/?action=fiche&module=fiche&niveau=2&num_nom=19137&onglet=description&referentiel=bdtfx;"Jardin ! : 3 à 8 m (espèce type jusqu'à 5 m), floraison dès fin mai ; eFlore : mai-juin (donnée juin à juillet, écart mineur)."
Cotoneaster horizontalis;conforme;;http://nature.jardin.free.fr/arbuste/ft_cotoneaster_hor.html;Source : 0,50 à 1 m, fleurs blanches à blanc rosé, boutons rose soutenu (donnée « roses » acceptable).
Euonymus japonicus;conforme;;http://nature.jardin.free.fr/arbuste/ft_eonymus_jap.html;Source : 3-4 m, floraison juin-juillet, fleurs verdâtres, capsules roses.
Forsythia × intermedia;conforme;;http://nature.jardin.free.fr/arbuste/ft_forsythia.html | https://tela-botanica.org/eflore/?action=fiche&module=fiche&num_nom=28021&onglet=synthese&referentiel=bdtfx;Source : 1,5 à 2 m (cultivars jusqu'à 3 m), floraison mi-mars à avril avant les feuilles. Confusion avec Cornus mas non vérifiée en détail.
Hibiscus syriacus;corrige;"description.floraison : « Août à octobre » → « Juillet à octobre » (appliquée ; http://nature.jardin.free.fr/arbuste/ft_oiseaubleu.html)";http://nature.jardin.free.fr/arbuste/ft_oiseaubleu.html;Source : 1 à 3 m, jusqu'à 5 m.
Mahonia aquifolium;conforme;;http://nature.jardin.free.fr/arbuste/ft_mahonia_aq.html | https://www.tela-botanica.org/bdtfx-nn-9449 | https://tela-botanica.org/wikini/nomsvernaculaires/files/Guidev1/guide%20v1.html;"Nom latin synonyme : Tela Botanica retient Berberis aquifolium. 1 à 2 m, floraison mars-avril ; nom « Mahonia faux-houx » confirmé par le guide de nomenclature."
Philadelphus coronarius;conforme;;http://nature.jardin.free.fr/arbuste/ft_philadelphus.html | https://www.tela-botanica.org/bdtfx-nn-48844;Source : 2,50 à 3 m, floraison mai à juin (parfois juillet).
Photinia × fraseri;conforme;;http://nature.jardin.free.fr/arbuste/ft_photinia.html;Source : 2 à 4 m (jusqu'à 10 m), floraison avril-mai.
Pittosporum tobira;conforme;;http://nature.jardin.free.fr/arbuste/ft_pittosporum.html | https://www.tela-botanica.org/mobile:bdtfx-nn-49807;"Jardin ! : 3 à 5 m (jusqu'à 10 m) ; floraison printanière parfumée, dès février dans le Midi selon Tela Botanica."
Pyracantha coccinea;conforme;;http://nature.jardin.free.fr/arbuste/ft_buisson.html | https://www.tela-botanica.org/bdtfx-nn-54118-synthese;Jardin ! : 2 à 4 m, floraison fin de printemps (avril-juin), fleurs blanches parfumées en corymbes. Le champ fiche_sourcee.floraison est au format « 5 à 6 » (mois numériques) et non « Mai à juin » : à harmoniser éventuellement.
Rosa canina;conforme;;http://nature.jardin.free.fr/arbuste/mc_rosa_canina.htm | https://tela-botanica.org/eflore/?action=fiche&module=fiche&num_nom=56619&onglet=description&referentiel=bdtfx;"eFlore : arbrisseau de 1 à 3 m, floraison mai-juillet ; Jardin ! : mai-juin."
Spiraea japonica;conforme;;http://nature.jardin.free.fr/arbrisseau/cb_SpireeWaterer.htm;Jardin ! ('Anthony Waterer') : 1 à 1,5 m, floraison estivale en corymbes plats. Confusion avec S. × vanhouttei cohérente.
Syringa vulgaris;conforme;;http://nature.jardin.free.fr/arbuste/ft_lilas.html | http://www.tela-botanica.org/bdtfx-nn-38950;"Jardin ! : 2-6 m, floraison fin avril-mi-mai, sol riche, frais, drainé, même calcaire ; peu à l'aise en sol acide."
Viburnum opulus;conforme;;http://nature.jardin.free.fr/arbuste/ft_boule.html | https://www.tela-botanica.org/bdtfx-nn-71459;"Jardin ! : 2-5 m, floraison fin mai-début juin ; eFlore : 2-4 m, mai-juin. Famille : APG IV (2016) place Viburnum dans Adoxaceae ; le nom Viburnaceae a depuis été conservé et est utilisé par POWO. À signaler sans changer."
Weigela florida;conforme;;http://nature.jardin.free.fr/arbuste/ft_weigela_flo.html;Jardin ! : 2 à 3 m, floraison mai-juin, remontée possible en septembre.
Arbutus unedo;conforme;;http://nature.jardin.free.fr/arbuste/ft_arbutus.html | https://www.tela-botanica.org/bdtfx-nn-6055-synthese;"eFlore : floraison octobre-janvier, fleurs et fruits présents en même temps ; Jardin ! : 3 à 10 m en culture."
Acanthus mollis;conforme;;http://nature.jardin.free.fr/vivace/ft_acanthus_mo.html | https://tela-botanica.org/eflore/?action=fiche&module=fiche&num_nom=74930&onglet=description&referentiel=bdtfx;"Jardin ! : 1 à 1,5 m en fleurs ; eFlore : floraison mai-août, fleurs blanchâtres veinées de pourpre."
Agapanthus praecox;conforme;;http://nature.jardin.free.fr/vivace/ft_agapanthus_praecox.html;Jardin ! donne 0,90 à 1,50 m et une floraison juin-juillet (ssp. orientalis 0,60 à 1 m). Écart modéré avec « 60 à 100 cm » et « Juillet à septembre », non corrigé (fourchettes proches, variables selon climat).
Alchemilla mollis;conforme;;http://nature.jardin.free.fr/vivace/dn_alchemilla.html;Jardin ! : 0,15 à 0,45 m, floraison mai à septembre, fleurs jaune verdâtre.
Bergenia cordifolia;conforme;;http://nature.jardin.free.fr/vivace/ft_bergenia.html;Jardin ! : 0,30-0,45 m, floraison février-mars jusqu'en mai.
Digitalis purpurea;corrige;"culture.3 : « Acide » → « Acide à neutre » (appliquée ; http://nature.jardin.free.fr/vivace/ft_digitalis_pur.html)";http://nature.jardin.free.fr/vivace/ft_digitalis_pur.html | https://tela-botanica.org/eflore/?action=fiche&module=fiche&num_nom=22437&onglet=description&referentiel=bdtfx;"eFlore : 50 cm à 1,50 m, floraison mai-septembre (donnée « Juin à août » laissée). Exposition : Jardin ! indique mi-ombre ou léger ensoleillement ; « Mi-ombre à ombre » un peu sombre mais non corrigé."
Echinacea purpurea;conforme;;http://nature.jardin.free.fr/vivace/dn_echinacea.html;Jardin ! : 0,45 à 1,2 m, floraison de juillet/août à septembre.
Euphorbia characias;conforme;;http://nature.jardin.free.fr/vivace/ft_euphorbia_ch.html | https://www.tela-botanica.org/bdtfx-nn-25806;"Jardin ! : 0,80 à 1,20 m ; eFlore : floraison mars-juin."
Geranium sanguineum;conforme;;https://www.tela-botanica.org/bdtfx-nn-30061 | http://nature.jardin.free.fr/vivace/ft_geranium_sang.html;"eFlore : tiges de 10 à 40 cm ; Smart'Flore : fleurie de mai à l'automne. Confusion avec G. macrorrhizum non vérifiée en détail côté macrorrhizum (fleurs rose à magenta selon cultivars)."
Helleborus orientalis;conforme;;http://www.tela-botanica.org/bdtfx-nn-31508-synthese | http://nature.jardin.free.fr/vivace/ft_helleborus_hyb.html;Nom « Hellébore d'Orient » confirmé (Tela). Jardin ! (hybrides) : floraison de l'hiver au milieu du printemps, sol humifère frais, neutre ou alcalin, mi-ombre. Hauteur de l'espèce non trouvée (hybrides 50-80 cm).
Hemerocallis fulva;conforme;;http://nature.jardin.free.fr/vivace/ft_hemerocalle.html | https://www.tela-botanica.org/eflore/?action=fiche&module=fiche&num_nom=31576&onglet=description&referentiel=bdtfx;"eFlore : 50 cm à 1 m, floraison juin-août ; Jardin ! : 0,50 à 1,50 m en fleurs."
Hosta sieboldiana;conforme;;http://nature.jardin.free.fr/1102/fbg_hosta_sieboldiana.html;"Jardin ! : 0,60 à 1 m ; floraison juillet-septembre selon climat, dès la mi-juin dans le Sud. « Juin à juillet » un peu précoce mais non corrigé."
Iris germanica;conforme;;http://nature.jardin.free.fr/bulbe/ft_iris.html | https://www.tela-botanica.org/bdtfx-nn-35992;"Jardin ! : sol bien drainé, sec, adapté au calcaire ; floraison mai-juin. eFlore (espèce) : floraison avril-juin."
Paeonia lactiflora;conforme;;http://nature.jardin.free.fr/vivace/dn_pivoine.html;Jardin ! : 0,50 à 1,20 m, floraison fin de printemps-début d'été, sol drainé riche et frais, soleil ou légère ombre. Coquille dans description.feuilles : « folioles lancéolés » devrait être « folioles lancéolées » (foliole est féminin).
Papaver orientale;conforme;;http://nature.jardin.free.fr/vivace/ft_papaver_or.html;Jardin ! : 0,50 à 0,90 m et plus, floraison mai-juin.
Salvia officinalis;conforme;;http://nature.jardin.free.fr/vivace/tl_salvia_officinalis.htm | https://tela-botanica.org/eflore/?action=fiche&module=fiche&num_nom=75340&onglet=synthese&referentiel=bdtfx;"eFlore : sous-arbrisseau de 30-50 cm, floraison mai-juillet ; Jardin ! : 0,45 à 0,70-1 m. Jardin ! cite un pH de 5,5 à 6,5, ce qui contredit « Neutre à alcalin » ; l'espèce pousse pourtant sur calcaire à l'état spontané. Sources divergentes, non corrigé, à arbitrer."
Sedum spectabile;conforme;;http://nature.jardin.free.fr/succulente/dn_sedum_spectabile.html | https://tela-botanica.org/eflore/?action=fiche&module=fiche&num_nom=62123&onglet=synthese&referentiel=bdtfx;"Nom latin : synonyme, le nom retenu par Tela Botanica est Hylotelephium spectabile (Boreau) H.Ohba (nom français normalisé « Reprise remarquable » ; Jardin ! : « Orpin d'automne »). Jardin ! : 0,40 à 0,60 m, corymbes rose vif très visités par papillons et abeilles."
Thymus vulgaris;conforme;;http://nature.jardin.free.fr/arbrisseau/ft_thym.html | https://tela-botanica.org/eflore/?action=fiche&module=fiche&num_nom=68271&onglet=synthese&referentiel=bdtfx;"eFlore : sous-arbrisseau de 10-30 cm, floraison avril-juillet ; fleurs rosées ou blanchâtres."
Verbena bonariensis;conforme;;http://nature.jardin.free.fr/vivace/mlc_verbena_bon.html;Jardin ! : 1,20 à 2 m, floraison juin à octobre. Fourchettes proches de la donnée, non corrigées.
Vinca minor;conforme;;http://nature.jardin.free.fr/vivace/ft_perven.html | https://tela-botanica.org/eflore/?action=fiche&module=fiche&num_nom=71984&onglet=description&referentiel=bdtfx;Hauteur 0,10 à 0,20 m (Jardin), floraison mars-juin (Jardin) / février-mai (eFlore) : cohérent.
Campsis radicans;conforme;;http://nature.jardin.free.fr/grimpante/ft_bignone.html;Jardin : 5-10 m, 7 à 11 folioles, floraison de l'été à l'automne, fleurs orange.
Jasminum officinale;conforme;;http://nature.jardin.free.fr/grimpante/ft_jasmin.html | https://www.tela-botanica.org/eflore/?action=fiche&module=fiche&num_nom=36290&onglet=description&referentiel=bdtfx;"Floraison mai-septembre (eFlore). Hauteur un peu sous-estimée (Jardin : 6-9 m et plus) ; nombre de folioles variable selon les sources (7-9 Jardin, 3-7 Coste) : laissé."
Lonicera periclymenum;conforme;;http://nature.jardin.free.fr/grimpante/ft_lonicera_per.html | https://www.tela-botanica.org/bdtfx-nn-39905;"Floraison juin-septembre (Jardin, eFlore) ; baies rouges toxiques ; feuilles opposées ovales."
Parthenocissus quinquefolia;conforme;;http://nature.jardin.free.fr/grimpante/ft_vitis.html | https://www.infoflora.ch/en/flora/parthenocissus-inserta.html | https://www.infoflora.ch/assets/content/documents/neophytes/inva_part_qui_f.pdf;"Jardin indique des vrilles sans ventouses (10-15 m), mais Info Flora distingue P. quinquefolia s. str. (vrilles à 5-12 ramifications terminées par des disques adhésifs) de P. inserta (sans disques). L'a_savoir est donc juste pour P. quinquefolia s. str. ; la plante vendue sous ce nom est souvent P. inserta. Non corrigé."
Passiflora caerulea;conforme;;http://nature.jardin.free.fr/grimpante/ft_passion.html | https://www.tela-botanica.org/eflore/?referentiel=bdtfx&module=fiche&action=fiche&num_nom=48083&onglet=description;Feuilles à 5 lobes (eFlore), baies ovoïdes jaune orangé, floraison été-automne / mai-octobre.
Vitis vinifera;conforme;;http://nature.jardin.free.fr/1109/vitis_vinifera.html | https://www.tela-botanica.org/bdtfx-nn-72795-description;"Floraison mai-juin (Jardin), juin (eFlore) ; fleurs verdâtres en thyrses ; sarments 10-35 m."
Carex pendula;conforme;;http://nature.jardin.free.fr/vivace/nmauric_carex_pendula.html | https://tela-botanica.org/eflore/?action=fiche&module=fiche&num_nom=14226&onglet=description&referentiel=bdtfx;Hauteur 0,80-1,50 m (Jardin), floraison mai-juillet (eFlore), épis femelles 10-20 cm pendants.
Cortaderia selloana;conforme;;http://nature.jardin.free.fr/vivace/ft_herbepampas.html | https://tela-botanica.org/bdtfx-nn-19053-synthese;Jardin : 2-3 m, floraison fin d'été-début d'automne, plumeaux blanc crème à rosés.
Festuca glauca;conforme;;https://www.missouribotanicalgarden.org/PlantFinder/PlantFinderDetails.aspx?kempercode=k250 | https://www.rhs.org.uk/plants/7181/festuca-glauca-vill/details;"Pas de fiche Jardin ni de données eFlore pour l'espèce ; Missouri BG : 0.75 to 1 ft (23-30 cm), Bloom Time: June to July."
Pennisetum alopecuroides;corrige;"confusions.Pennisetum alopecuroides|Pennisetum setaceum : « Alopecuroides : épis brun foncé, rustique. Setaceum : épis plumeux pourpres, frileux. » → « Alopecuroides : épis rosés à beige argenté, rustique. Setaceum : épis plumeux pourpres, frileux. » (appliquée ; http://nature.jardin.free.fr/1102/cb_Pennisetum_alopecuroides.html)";http://nature.jardin.free.fr/1102/cb_Pennisetum_alopecuroides.html | http://nature.jardin.free.fr/2013/pennisetum-setaceum.html;"Nom accepté actuel : Cenchrus alopecuroides (Tela Botanica) ; Pennisetum alopecuroides en est un synonyme (non renommé). Hauteur 0,50-0,80 m selon Jardin (60-100 cm : laissé). La description « épis violacés » diffère aussi de « rosés ou beige argenté » : laissée, à revoir éventuellement."
Phragmites australis;conforme;;http://nature.jardin.free.fr/vivace/ft_phragmites.html | https://www.tela-botanica.org/bdtfx-nn-49047-synthese;1-4 m, floraison août-septembre (eFlore), panicule plumeuse 10-30 cm. Faute de français dans a_savoir : « grand graminée » devrait être « grande graminée ».
Phyllostachys nigra;corrige;"description.port : « Bambou de 3 à 6 m » → « Bambou de 7 à 8 m » (non appliquée : hauteur très variable selon le climat, à trancher ; http://nature.jardin.free.fr/vivace/nmauric._phyllo_nigra.html)";http://nature.jardin.free.fr/vivace/nmauric._phyllo_nigra.html | https://www.tela-botanica.org/2024/05/bien-observer-les-bambous-pour-les-identifier/;"Chaumes verts tachés de noir puis noirs la 3e année (Jardin). La hauteur réelle dépend du climat ; Tela Botanica donne 2 à 12 m pour le genre en France."
Typha latifolia;corrige;"fiche_sourcee.floraison : « 6 à 8 » → « Juin à août » (non appliquée : « 6 à 8 » s'affiche déjà « juin à août » ; https://www.tela-botanica.org/eflore/?action=fiche&module=fiche&nom=&num_nom=70154&referentiel=bdtfx&type_nom=nom_vernaculaire)";https://www.infoflora.ch/en/flora/typha-latifolia.html | https://www.tela-botanica.org/eflore/?action=fiche&module=fiche&nom=&num_nom=70154&referentiel=bdtfx&type_nom=nom_vernaculaire | http://nature.jardin.free.fr/aquatique/ft_typha.html;Correction de format seulement (mois en chiffres vers le format « Juin à août »), même valeur. Hauteur 1-2,5 m confirmée par Info Flora.
Abies alba;conforme;;https://www.tela-botanica.org/bdtfx-nn-40-description | http://nature.jardin.free.fr/arbre/nmauric_abies_pectinata.html;Aiguilles plates à 2 bandes blanches, cônes dressés qui se désarticulent, hauteur jusqu'à 50 m (35-60 m selon une fiche).
Bellis perennis;conforme;;http://nature.jardin.free.fr/vivace/mc_bellis_perennis.htm | https://tela-botanica.org/eflore/?action=fiche&module=fiche&num_nom=9395&onglet=description&referentiel=bdtfx;"5-20 cm ; floraison de février jusqu'en automne (Jardin), mars-novembre (eFlore)."
Convallaria majalis;conforme;;http://nature.jardin.free.fr/vivace/dn_muguet.html | https://www.tela-botanica.org/bdtfx-nn-18710;"10-20 cm (eFlore), baies rouges toxiques. Floraison avril-juin selon eFlore ; « Mai » est réducteur mais non faux (Jardin : fin avril-début mai, jusqu'en juin)."
Alnus cordata;conforme;;http://nature.jardin.free.fr/arbre/gc_aulne_cor.htm | https://www.tela-botanica.org/bdtfx-nn-74947-synthese | https://www.rhs.org.uk/plants/894/alnus-cordata/details | https://missouribotanicalgarden.org/PlantFinder/PlantFinderDetails.aspx?gen=Alnus&isprofile=1&taxonid=243565;Jusqu'à 25 m (Jardin), floraison février (eFlore). Jardin indique une préférence pour les sols acides, mais la RHS donne sols calcaires, pH acide à alcalin, et le Missouri BG la tolérance aux sols secs (chlorose possible en pH très élevé) : culture laissée. Nom aussi usité : « Aulne de Corse » (Jardin).
Cedrus deodara;conforme;;https://www.tela-botanica.org/mobile:bdtfx-nn-14938 | http://nature.jardin.free.fr/arbre/nmauric_cedre_deodara.html;"Jusqu'à 50 m (30-50 m Jardin) ; aiguilles 3-5 cm souples."
Cedrus libani;conforme;;http://nature.jardin.free.fr/arbre/nmauric_cedre_Liban.html | https://www.tela-botanica.org/eflore/consultation/index_mobile.php?module=mobile&referentiel=bdtfx&num_nom=14937;Port tabulaire à l'âge adulte, hauteur 20-25 m (Jardin) à 50 m (Smart'Flore). Longueur des aiguilles (2-3 cm) et comparaison « aiguilles plus longues » que l'Atlas non vérifiées faute de source.
Corylus colurna;conforme;;https://www.tela-botanica.org/wikini/eFloreRedactionTest/wakka.php?wiki=SmartFloreBDTFXnt1330 | http://nature.jardin.free.fr/arbuste/nmauric_corylus.html;Écorce liégeuse gris beige, floraison très tôt au printemps avant les feuilles. Hauteur 20-25 m (Jardin) à 35 m (Smart'Flore) : la valeur 15-20 m est un peu basse mais laissée.
Juglans nigra;conforme;;https://tela-botanica.org/eflore/?action=fiche&module=fiche&num_nom=36331&onglet=description&referentiel=bdtfx | https://www.tela-botanica.org/eflore/consultation/index_mobile.php?module=mobile&referentiel=bdtfx&num_nom=36331;20-30 m (eFlore), 13 à 25 folioles (eFlore), chatons mâles jaunâtres.
Malus domestica;non_verifie;;;"Budget de recherche web épuisé avant vérification ; aucune source consultée."
Malus floribunda;non_verifie;;;Budget de recherche web épuisé avant vérification. Le nom est souvent écrit Malus ×floribunda (hybride) : non renommé.
Magnolia kobus;non_verifie;;;Budget de recherche web épuisé avant vérification. La formule de l'a_savoir « sans grandes gelées » est ambiguë et serait à reformuler.
Platanus orientalis;conforme;;http://nature.jardin.free.fr/arbre/nmauric_platanus_orientalis.html | https://www.tela-botanica.org/bdtfx-nn-50152;Hauteur env. 30 m (Jardin !), spécimens à 35 m : cohérent avec 25 à 30 m.
Pyrus calleryana;conforme;;http://nature.jardin.free.fr/2013/pyrus_calleryana_chanticleer.html | https://www.tela-botanica.org/bdtfx-nn-54209;"Tela Botanica donne « Poirier de Callery » comme nom normalisé et « Poirier de Chine » comme nom usuel. Hauteur et floraison trouvées sur la fiche du cultivar 'Chanticleer' (6-12 m, parfois 15 m ; fin mars à mai) : cohérentes."
Pyrus communis;conforme;;https://tela-botanica.org/eflore/?action=fiche&langue=fr&module=fiche&num_nom=54239&onglet=synthese&referentiel=bdtfx | https://www.tela-botanica.org/eflore/consultation/index_mobile.php?module=mobile&referentiel=bdtfx&num_nom=54249;"eFlore : floraison avril-mai ; Smart'Flore : 10 à 15 m."
Thuja plicata;conforme;;http://nature.jardin.free.fr/arbre/ft_thuja_pl.html | https://www.tela-botanica.org/mobile:bdtfx-nn-68033;15-20 m en culture, jusqu'à 50-60 m dans l'aire d'origine : 20 à 40 m acceptable.
Ulmus glabra;conforme;;https://www.tela-botanica.org/eflore/?action=fiche&module=fiche&num_nom=70286&onglet=description&referentiel=bdtfx | https://www.tela-botanica.org/bdtfx-nn-70284-synthese;"eFlore confirme pétiole très court caché par l'oreillette, feuilles grandes et très rudes ; le pétiole nettement plus long d'U. minor est aussi confirmé. Une description eFlore indique « peut atteindre 20 m » (sans contredire clairement 25-35 m) ; longueur 10-16 cm non vérifiée."
Berberis vulgaris;conforme;;http://nature.jardin.free.fr/arbuste/ft_berberis_vu.html | https://www.tela-botanica.org/bdtfx-nn-9456-synthese;"1 à 3 m ; floraison mai-juin ; grappes pendantes jaunes."
Ceanothus thyrsiflorus;conforme;;http://nature.jardin.free.fr/arbrisseau/mc_cean_thyrsiflorus.htm;"Floraison mai-juin, thyrses bleus, sols sans calcaire, tolère -12 °C : confirmés. La fiche Jardin ! donne 0,40 à 2 m (cultivars de 30 cm à 4 m) contre 2 à 5 m ici : écart à revoir éventuellement, mais l'espèce type est plus haute en nature ; pas de correction faute de source claire sur l'espèce type. Champ culture absent (non complété)."
Cotoneaster franchetii;corrige;"description.floraison : « Juin » → « Mai à juin » (appliquée ; http://nature.jardin.free.fr/arbuste/nmauric_cotoneaster_franch.html)";http://nature.jardin.free.fr/arbuste/nmauric_cotoneaster_franch.html;Hauteur « 2-3 à 5 m » selon Jardin ! : 2 à 3 m acceptable.
Rhododendron ponticum;conforme;;https://www.rhs.org.uk/plants/100610/rhododendron-ponticum/details | https://www.tela-botanica.org/bdtfx-nn-75329 | https://www.tela-botanica.org/2012/07/article5198/;"Aucune hauteur/floraison trouvée sur Jardin ! ou Tela ; RHS : 2,5-4 m, fleurs pourpres au printemps, feuilles coriaces. Caractère invasif confirmé par Tela Botanica."
Euphorbia polychroma;conforme;;http://nature.jardin.free.fr/vivace/dn_euphorbe.html;"Touffe arrondie de 0,30 à 0,45 m (cultivars jusqu'à 60 cm) ; floraison fin du printemps-début d'été. Nom possiblement synonyme d'Euphorbia epithymoides (à confirmer, non sourcé)."
Iris pseudacorus;conforme;;http://nature.jardin.free.fr/bulbe/ft_iris_pseud.html | https://www.tela-botanica.org/eflore/?action=fiche&module=fiche&num_nom=35964&onglet=description&referentiel=bdtfx;"Jardin ! : 1 à 1,50 m, floraison mai-juin ; Coste : 40 cm à 1 m, avril-juillet."
Salvia nemorosa;conforme;;https://www.missouribotanicalgarden.org/PlantFinder/PlantFinderDetails.aspx?taxonid=281423&isprofile=1&basic=salvia | https://www.tela-botanica.org/eflore/?action=fiche&module=fiche&num_nom=75339&onglet=synthese&referentiel=bdtfx;"MBG : 45-90 cm, floraison fin de printemps à début d'automne avec remontée après coupe. Tela Botanica : nom normalisé « Sauge des Balkans », aussi « sauge des forêts » ; « Sauge des bois » reste un nom courant, non corrigé."
Sedum acre;conforme;;http://nature.jardin.free.fr/succulente/dn_sedum_acre.html | https://www.tela-botanica.org/bdtfx-nn-75358;5-10 cm (Jardin !), 4-8 cm (eFlore). eFlore donne floraison mai à août : « Juin à juillet » est plus étroit mais pas faux.
Hedera colchica;conforme;;https://www.rhs.org.uk/plants/8383/hedera-colchica/details | https://www.missouribotanicalgarden.org/PlantFinder/PlantFinderDetails.aspx?taxonid=298893;Aucune fiche espèce sur Jardin !/Tela. RHS/MBG : fleurs jaune-vert en septembre-octobre, baies noires.
Parthenocissus tricuspidata;conforme;;http://nature.jardin.free.fr/grimpante/fbg_parthenocissus_tricuspidata.html | http://nature.jardin.free.fr/grimpante/ft_parthenocissus_tri.html;"Hauteur 10-15 m et plus / 16-20 m ; floraison discrète de juin à août selon climat."
Wisteria floribunda;conforme;;http://nature.jardin.free.fr/grimpante/ft_glycine.html | https://www.tela-botanica.org/bdtfx-nn-72988;Jardin ! : enroulement dans le sens des aiguilles d'une montre (contrairement à la glycine de Chine), floraison avril-mai. La fiche donne 6-10 m (contre 8-15 m) et grappes 20-40 cm (contre 30-50 cm) : écarts modérés, non corrigés.
Thuja occidentalis;corrige;"culture.3 : « Neutre à alcalin » → « Tous pH » (appliquée ; https://www.tela-botanica.org/bdtfx-nn-68031-description)";http://nature.jardin.free.fr/arbre/ft_thuja_occ.html | https://www.tela-botanica.org/bdtfx-nn-68031-description;Hauteur 10 à 20 m confirmée par Jardin !.
Alnus incana;conforme;;https://tela-botanica.org/eflore/?action=fiche&module=fiche&num_nom=74948&onglet=synthese&referentiel=bdtfx | https://tela-botanica.org/eflore/?action=fiche&module=fiche&num_nom=74948&onglet=description&referentiel=bdtfx;Floraison février-mars confirmée. Hauteur contradictoire sur eFlore (« dépasse rarement 5 m » vs mésophanérophyte 16 m) : 10-20 m laissé tel quel. Écologie : bords des eaux, montagnes.
Cercis canadensis;conforme;;http://nature.jardin.free.fr/arbuste/bl_cercis_canadensis.html;"4 à 7,50 m, vieux sujets 12 m ; floraison avant les feuilles, fin février à avril-mai selon climat ; zone 5-9."
Rhododendron luteum;conforme;;http://nature.jardin.free.fr/arbuste/ft_rhodo_lut.html;Jardin ! : 3-4 m en nature, floraison mai-juin, très parfumée, toxique, feuillage rouge orangé à l'automne. Écarts modérés avec 2 à 3 m et « Avril à mai » : à envisager éventuellement (« Mai à juin »), non corrigé car proche.
Ilex crenata;non_verifie;;;"Les résultats de recherche évoquent un persistant à petites feuilles crénelées et drupes noires, utilisé en topiaire à la place du buis, mais sans page identifiable avec certitude ; aucune URL citée. Floraison non vérifiée."
Ligustrum ovalifolium;corrige;"commun : « Troène du Japon » → « Troène de Californie » (appliquée ; https://www.tela-botanica.org/eflore/?action=fiche&module=fiche&niveau=2&num_nom=38941&onglet=synthese&referentiel=bdtfx) | a_savoir : « Troène du Japon, semi-persistant, très utilisé en haies taillées. » → « Troène de Californie, semi-persistant, très utilisé en haies taillées. » (appliquée ; https://www.tela-botanica.org/eflore/?action=fiche&module=fiche&niveau=2&num_nom=38941&onglet=synthese&referentiel=bdtfx)";https://www.tela-botanica.org/eflore/?action=fiche&module=fiche&niveau=2&num_nom=38941&onglet=synthese&referentiel=bdtfx | http://nature.jardin.free.fr/arbuste/ft_ligustrum_jap.html;Nom normalisé Tela : « Troène à feuilles ovales » (alternative possible). Hauteur et floraison non vérifiées (aucune source trouvée dans la limite de recherches).
Sambucus racemosa;corrige;"confusions.Sambucus nigra|Sambucus racemosa : « Noir : ombelles plates crème, baies noires, moelle blanche. À grappes : panicule, baies rouges, moelle brune. » → « Noir : ombelles plates crème, baies noires, moelle blanche. À grappes : panicule, baies rouges, moelle jaunâtre. » (non appliquée : « moelle brune » reste juste (brun-orangé selon les flores) ; https://www.tela-botanica.org/bdtfx-nn-75811-synthese)";http://nature.jardin.free.fr/arbuste/nmauric_sambucus_rac.html | https://www.tela-botanica.org/bdtfx-nn-75811-synthese;"2 à 4 m et floraison avril-mai confirmés. Famille : APG IV retient Adoxaceae (Viburnaceae est le nom conservé plus récent) ; non modifié."
Spiraea thunbergii;non_verifie;;;Quota de recherches web épuisé avant cette espèce : aucune source consultée.
Pittosporum tenuifolium;non_verifie;;;Quota de recherches web épuisé avant cette espèce : aucune source consultée.
Malus sylvestris;conforme;;https://tela-botanica.org/eflore/?action=fiche&langue=fr&module=fiche&num_nom=40755&onglet=description&referentiel=bdtfx | https://www.tela-botanica.org/bdtfx-nn-40755-synthese;eFlore donne une floraison en mai (fleurs blanches lavées de rose), ce qui reste cohérent avec « Avril à mai ». Coste parle d'un « arbre peu élevé ». La hauteur de 6 à 10 m n'a pas été confirmée chiffre à l'appui.
Platanus occidentalis;conforme;;http://nature.jardin.free.fr/arbre/nmauric_platanus_occidentalis.html | https://www.tela-botanica.org/2013/09/article5859/;Jardin ! l'Encyclopédie donne 50 m, et Tela Botanica 25 à 55 m pour le genre. La fourchette de 30 à 40 m reste plausible et n'est pas corrigée.
Pyrus pyraster;conforme;;https://www.tela-botanica.org/eflore/consultation/index_mobile.php?module=mobile&referentiel=bdtfx&num_nom=54249 | https://www.tela-botanica.org/bdtfx-nn-54249;"Smart'Flore donne 10 à 15 m (« jusqu'à 20 m » dans la fiche) et une floraison de mars-avril ; Coste dans eFlore donne avril-mai, ce qui concorde avec « 4 à 5 ». Pour eFlore (BDTFX), le nom retenu est Pyrus communis subsp. pyraster : à signaler seulement."
Syringa reticulata;conforme;;https://www.missouribotanicalgarden.org/PlantFinder/PlantFinderDetails.aspx?kempercode=c152 | https://www.rhs.org.uk/plants/21415/syringa-reticulata/details;Aucune fiche sur Jardin ! l'Encyclopédie ni sur Tela Botanica. Le Missouri Botanical Garden (MBG) donne 20 à 30 ft, une floraison en juin, des panicules blanc crème et des capsules brunes. La RHS donne 8 à 12 m. Pour l'a_savoir : le MBG dit les fleurs « fragrant », d'une odeur que certains jugent désagréable, proche du troène. La formule « sans le parfum fort du lilas commun » reste défendable.
Ulmus laevis;conforme;;https://tela-botanica.org/eflore/?action=fiche&module=fiche&num_nom=70280&onglet=description&referentiel=bdtfx | https://www.tela-botanica.org/eflore/consultation/index_mobile.php?module=mobile&referentiel=bdtfx&num_nom=70292;eFlore donne une floraison mars-avril. Les fleurs pendent au bout de longs pédoncules. Hauteur citée : 20 à 30 m, proche de la donnée.
Ulmus pumila;conforme;;https://www.missouribotanicalgarden.org/PlantFinder/PlantFinderDetails.aspx?taxonid=287397&isprofile=1&basic=Ulmus+pumila | https://www.rhs.org.uk/plants/94531/ulmus-pumila/details;Aucune fiche de description sur Jardin ! l'Encyclopédie ni sur Tela Botanica. Le MBG donne 50 à 70 ft, soit 15 à 21 m, un peu plus que les 10 à 15 m de la donnée. Ce n'est pas une contradiction franche : non corrigé, mais à surveiller. Le MBG note des feuilles lisses et finement dentées. Pour la graphiose, la RHS dit « partially resistant » et le MBG « resistant but not immune » : « résistant à la graphiose » est un peu fort, mais acceptable.
Berberis darwinii;conforme;;http://nature.jardin.free.fr/arbuste/ft_berberis_dar.html;Jardin ! l'Encyclopédie donne 1,5 à 3 m et des fleurs jaune d'or à jaune orangé en grappes pendantes, de mars à mai. Les feuilles persistantes, brillantes, rappellent le houx. La mention « à 3 épines » n'a pas été confirmée : la source parle de feuilles épineuses façon houx. On pourrait écrire « feuilles luisantes épineuses », mais ce n'est pas corrigé faute de contradiction explicite.
Cotoneaster dammeri;conforme;;http://nature.jardin.free.fr/1105/cotoneaster_dammeri.html;La source donne 20 à 30 cm de haut et un port prostré à feuillage persistant. Elle cite une floraison blanche au printemps « vers le mois de mai » et un sol ordinaire, même pierreux.
Cotoneaster salicifolius;conforme;;http://nature.jardin.free.fr/arbuste/ft_cotoneaster.html;La source donne 2 à 5 m et des fleurs blanches en corymbes. Elle place la floraison au printemps, « vers le mois de mai », alors que la donnée dit « Juin ». L'écart est faible : non corrigé, mais « Mai à juin » serait plus prudent.
Crataegus laevigata;conforme;;http://www.tela-botanica.org/bdtfx-nn-19516 | https://www.tela-botanica.org/eflore/consultation/index_mobile.php?module=mobile&referentiel=bdtfx&num_nom=19443 | http://nature.jardin.free.fr/arbuste/ft_crataegus_lae.html;eFlore (Coste) donne 2 à 4 m, 2 ou 3 styles et une floraison avril-mai. Jardin ! l'Encyclopédie donne 5 à 8 m, jusqu'à 10 m. Le « jusqu'à 5 m » et la floraison « 5 à 6 » restent dans l'ordre de grandeur. eFlore dit plutôt avril-mai : un écart léger, non corrigé.
Ligustrum lucidum;conforme;;https://www.missouribotanicalgarden.org/PlantFinder/PlantFinderDetails.aspx?taxonid=282962 | https://www.rhs.org.uk/plants/10103/ligustrum-lucidum/details | http://nature.jardin.free.fr/arbuste/ft_ligustrum_jap.html;Jardin ! l'Encyclopédie donne une hauteur de 10 m. Selon le MBG, la plante fleurit en fin d'été, en panicules blanc crème, avec des drupes bleu noir. La RHS donne 8 à 12 m et une floraison en été et début d'automne. La donnée est cohérente.
Aesculus parviflora;conforme;;https://www.missouribotanicalgarden.org/PlantFinder/PlantFinderDetails.aspx?kempercode=b180 | https://www.rhs.org.uk/plants/589/aesculus-parviflora/details | http://nature.jardin.free.fr/arbuste/mv_aesculus_parviflora.html;Jardin ! l'Encyclopédie indique seulement 1,50 m de haut. La RHS donne 2,5 à 4 m et le MBG 6 à 12 ft, ce qui appuie les 3 à 4 m de la donnée. Le MBG donne une floraison de juin à juillet. La RHS parle de « smooth fruits » occasionnels, ce qui confirme « Capsules lisses, rares ».
Magnolia stellata;conforme;;http://nature.jardin.free.fr/arbre/ft_magnolia_ste.html;La source donne 3 à 4 m, une croissance très lente et des fleurs étoilées à 12 à 18 tépales. La floraison va de fin février ou début mars à mai selon la région. La donnée « Mars » est simplifiée mais juste.
Euphorbia amygdaloides;conforme;;https://tela-botanica.org/eflore/?action=fiche&module=fiche&num_nom=75121&onglet=synthese&referentiel=bdtfx;eFlore (Coste) donne 30 à 80 cm et une floraison d'avril à juin, sur des stations fraîches et ombragées. La donnée « Mars à mai » est proche : non corrigée.
Euphorbia cyparissias;conforme;;https://www.tela-botanica.org/bdtfx-nn-25823 | http://nature.jardin.free.fr/vivace/ft_euphorbia_cyp.html;"eFlore donne 20 à 50 cm et Jardin ! l'Encyclopédie 20 à 40 cm. eFlore donne une floraison d'avril à septembre ; la donnée « Avril à juin » correspond au pic. Jardin ! l'Encyclopédie confirme qu'elle est envahissante par rhizomes."
Iris sibirica;conforme;;https://www.tela-botanica.org/bdtfx-nn-35970 | http://nature.jardin.free.fr/bulbe/ft_iris_pseud.html;eFlore (Coste) donne 50 cm à 1 m, une floraison mai-juin et des fleurs bleues. La confusion avec Iris pseudacorus (grandes fleurs jaunes, feuilles larges) est juste.
Iris foetidissima;conforme;;https://www.tela-botanica.org/eflore/?action=fiche&module=fiche&num_nom=73133&onglet=synthese&referentiel=bdtfx | http://nature.jardin.free.fr/1104/iris_foetidissima.html | https://www.tela-botanica.org/mobile:bdtfx-nn-35917;"eFlore et Smart'Flore donnent 30 à 80 cm ; eFlore donne une floraison mai-juillet. Les graines sont rouge écarlate à rouge orangé et persistent en hiver : « graines orange » est acceptable."
Primula vulgaris;conforme;;https://tela-botanica.org/eflore/?action=fiche&module=fiche&num_nom=53298&onglet=description&referentiel=bdtfx | http://nature.jardin.free.fr/vivace/dn_primula_vulgaris.html;eFlore donne 5 à 15 cm, une floraison février-mai et des fleurs solitaires jaune pâle.
Primula veris;conforme;;https://tela-botanica.org/eflore/?action=fiche&module=fiche&num_nom=53277&onglet=description&referentiel=bdtfx | http://nature.jardin.free.fr/vivace/dn_primula_veris.html;eFlore donne 10 à 30 cm et une floraison de mars à mai. La donnée « Avril à mai » est proche : non corrigée.
Salvia pratensis;conforme;;http://nature.jardin.free.fr/vivace/tl_salvia_pratensis.htm | https://www.tela-botanica.org/bdtfx-nn-60195;Jardin ! l'Encyclopédie donne une floraison mai-août et des fleurs bleu violet en verticilles. eFlore donne 35 à 80 cm.
Salvia sclarea;conforme;;https://tela-botanica.org/eflore/?action=fiche&langue=fr&module=fiche&num_nom=60203&onglet=description&referentiel=bdtfx | https://www.tela-botanica.org/eflore/consultation/index_mobile.php?module=mobile&referentiel=bdtfx&num_nom=60203 | http://nature.jardin.free.fr/vivace/tl_salvia_sclarea.htm;Hauteur selon les sources : 45 à 80 cm (eFlore) et 0,90 à 1,50 m (Jardin ! l'Encyclopédie). Floraison : juin à septembre (eFlore, Smart'Flore), mai à août (Jardin ! l'Encyclopédie). Les bractées sont lilacées et larges. La plante est bisannuelle ou vivace selon le climat. La donnée est cohérente.
Narcissus pseudonarcissus;non_verifie;;;Quota de recherches web épuisé (limite partagée) avant la vérification. Aucune anomalie évidente à la relecture.
Sedum album;non_verifie;;;Quota de recherches web épuisé avant la vérification. Aucune anomalie évidente à la relecture.
Sedum telephium;non_verifie;;;Quota de recherches web épuisé avant la vérification. Nom à signaler seulement : souvent traité aujourd'hui sous Hylotelephium telephium (non renommé).
Trifolium repens;non_verifie;;;Quota de recherches web épuisé avant la vérification. Aucune anomalie évidente à la relecture.
Urtica dioica;conforme;;http://nature.jardin.free.fr/vivace/mc_urtica_dioica.htm | https://www.tela-botanica.org/bdtfx-nn-70396-synthese;"Jardin! : 0,30 à 1,50 m, floraison juin à septembre-octobre ; inflorescences pendantes sur pieds femelles."
Viola odorata;conforme;;http://nature.jardin.free.fr/vivace/dn_viola_odorata.html | https://tela-botanica.org/eflore/?action=pdf-export&module=pdf-export&niveau=2&num_nom=72389&referentiel=bdtfx;"Jardin! : 15-20 cm, floraison février-mars ; eFlore : mars-mai. Fourchettes proches, laissées."
Vitis coignetiae;conforme;;http://nature.jardin.free.fr/2015/vitis_coignetiae.html;Jardin! : 3 à 10/20 m, feuilles 15-30 cm peu lobées, rouge feu à l'automne. Le champ fiche_sourcee.floraison est au format « 5 à 6 » (mois en chiffres) et non « Mai à juin » : à harmoniser éventuellement.
Hedera hibernica;conforme;;https://www.tela-botanica.org/eflore/?action=fiche&module=fiche&num_nom=30897&onglet=synthese&referentiel=bdtfx;"eFlore confirme Araliaceae et le nom Lierre d'Irlande ; parfois traité comme Hedera helix subsp. hibernica. Pas de source détaillée sur la description, mais rien de contradictoire."
Aesculus × carnea;corrige;"description.fruits : « Capsules lisses » → « Capsules peu épineuses » (appliquée ; http://nature.jardin.free.fr/arbre/ft_aesculus_car.html) | a_savoir : « Marronnier rouge, hybride aux fleurs rose foncé ; fruits lisses sans épines. » → « Marronnier rouge, hybride aux fleurs rose foncé ; fruits peu ou pas épineux. » (appliquée ; http://nature.jardin.free.fr/arbre/ft_aesculus_car.html) | confusions.Aesculus hippocastanum|Aesculus × carnea : « Marronnier d'Inde : fleurs blanches, fruits épineux. Rouge : fleurs rouges, fruits lisses. » → « Marronnier d'Inde : fleurs blanches, fruits épineux. Rouge : fleurs rose rouge, fruits peu épineux. » (appliquée ; http://nature.jardin.free.fr/arbre/ft_aesculus_car.html)";http://nature.jardin.free.fr/arbre/ft_aesculus_car.html | https://tela-botanica.org/eflore/?action=fiche&module=fiche&num_nom=1052&onglet=description&referentiel=bdtfx;"Jardin! : 12-25 m, souvent vers 15 m ; floraison mai à juin. Hauteur 10-15 m laissée (fourchette proche)."
Magnolia × soulangeana;conforme;;http://nature.jardin.free.fr/arbre/ft_magnolia2.html | https://tela-botanica.org/eflore/?action=fiche&module=fiche&num_nom=40661&onglet=illustrations&referentiel=bdtfx;"Jardin! donne 3 à 5 m (contre 5 à 8 m dans l'appli) ; d'autres références donnent 6-8 m, écart non tranché, laissé. Floraison printanière avant les feuilles confirmée. Certaines bases le nomment Yulania × soulangeana (synonymie signalée, non renommé)."
Spiraea × vanhouttei;conforme;;http://nature.jardin.free.fr/arbrisseau/cb_SpireeVanHoutte.htm;Jardin! : 1,5 à 2 m, rameaux arqués, floraison blanche avril-mai.
Acer negundo;conforme;;http://nature.jardin.free.fr/arbre/ft_acer_negundo.html | https://www.tela-botanica.org/bdtfx-nn-74932-description;3 à 7 folioles (eFlore). Le texte de confusion dit « 3 à 5 folioles » : Smart'Flore donne aussi 3 à 5, donc laissé, mais harmoniser avec la description (3 à 7) serait plus cohérent.
Quercus petraea;conforme;;https://www.tela-botanica.org/bdtfx-nn-54524 | https://www.tela-botanica.org/eflore/consultation/index_mobile.php?module=mobile&referentiel=bdtfx&num_nom=75316;"eFlore : feuilles nettement pétiolées, glands subsessiles ; hauteur non chiffrée dans les sources trouvées."
Tilia platyphyllos;conforme;;http://nature.jardin.free.fr/arbre/mc_tilia_platyphyllos.htm | https://tela-botanica.org/eflore/?action=fiche&module=fiche&num_nom=68332&onglet=description&referentiel=bdtfx;"eFlore : jusqu'à 30 m, floraison juin-juillet, fruits à 5 côtes saillantes ; Jardin! : le plus précoce des tilleuls."
Pinus nigra;conforme;;https://tela-botanica.org/eflore/?action=fiche&module=fiche&num_nom=49672&onglet=description&referentiel=bdtfx | https://www.tela-botanica.org/eflore/consultation/index_mobile.php?module=mobile&referentiel=bdtfx&num_nom=49663;"eFlore : aiguilles par 2 de 8-15 cm, cônes 6-9 cm ; Smart'Flore 20-55 m, cônes 5-10 cm."
Acer griseum;conforme;;http://nature.jardin.free.fr/1111/acer-griseum.html;Jardin! : 4-8 m en jardin, 14 m et plus dans la nature.
Acer palmatum;conforme;;http://nature.jardin.free.fr/arbrisseau/bl_acer_palm_bg.html | http://nature.jardin.free.fr/arbuste/ft_acer_palm_diss.html;"Sources trouvées sur cultivars seulement (soleil léger ou mi-ombre, sol acide à neutre frais drainé, abri du vent) ; hauteur de l'espèce non confirmée directement."
Acer saccharinum;conforme;;http://nature.jardin.free.fr/arbre/ft_acer_saccharinum.html | https://www.tela-botanica.org/eflore/consultation/index_mobile.php?module=mobile&referentiel=bdtfx&num_nom=219;"Jardin! : 15-35 m, ramure cassante ; Smart'Flore : 20-30 m, samares dispersées avant la feuillaison complète."
Acer saccharum;conforme;;http://nature.jardin.free.fr/arbre/ft_acer_saccharum.html;Jardin! : 15-35 m, feuilles à 3-5 lobes peu dentés, automne jaune-orange-rouge.
Acer rubrum;conforme;;http://nature.jardin.free.fr/arbre/bl_acer_rubrum.html | https://tela-botanica.org/eflore/?action=pdf-export&module=pdf-export&niveau=2&num_nom=81728&referentiel=bdtfx;Jardin! : 15-28 m, sol acide ou neutre, éviter le calcaire. Culture pH « Acide » un peu restrictif (source : acide ou neutre) mais pas faux, laissé.
Acer monspessulanum;conforme;;http://nature.jardin.free.fr/arbre/nmauric_acer_monspessulanum.html | https://www.tela-botanica.org/bdtfx-nn-182-description;"eFlore : feuilles trilobées coriaces luisantes, samares à ailes dressées-convergentes ; hauteur 5-6 m à 10 m."
Acer opalus;conforme;;https://tela-botanica.org/eflore/?action=fiche&module=fiche&num_nom=193&onglet=description&referentiel=bdtfx | https://www.tela-botanica.org/bdtfx-nn-193;eFlore : fleurs jaune verdâtre avant les feuilles (mars-avril), écorce s'écaillant en plaques, feuilles à 5 lobes obtus. La fiche collaborative dit « dépasse rarement 8 m » alors que Coste le dit « arbre élevé » : hauteur 8-15 m laissée faute de contradiction nette.
Acer cappadocicum;conforme;;http://nature.jardin.free.fr/arbre/jlv_acer_cap_aur.html | https://www.tela-botanica.org/bdtfx-nn-74931;Jardin! : 15-20 m, 5 à 7 lobes non dentés, jaune doré à l'automne, préfère la mi-ombre.
Betula utilis;conforme;;https://www.tela-botanica.org/eflore/?action=fiche&module=fiche&num_nom=9580&onglet=synthese&referentiel=bdtfx | https://www.tela-botanica.org/eflore/?action=fiche&module=fiche&num_nom=9581&onglet=synthese&referentiel=bdtfx;"eFlore : Betulaceae ; Jacquemont est traité comme Betula utilis var. jacquemontii (nom français normalisé : Bouleau de Jacquemont). Smart'Flore : jusqu'à 35 m dans la nature. Hauteur cultivée non confirmée."
Betula papyrifera;conforme;;https://www.tela-botanica.org/bdtfx-nn-82090;"Tela Botanica : 15 à 21 m, écorce blanche se détachant en bandes ; aussi nommé bouleau à canots."
Fraxinus ornus;corrige;"description.port : « Arbre de 8 à 15 m » → « Arbre de 5 à 10 m » (appliquée ; http://nature.jardin.free.fr/1110/fraxinus_ornus.html)";http://nature.jardin.free.fr/1110/fraxinus_ornus.html | https://www.tela-botanica.org/bdtfx-nn-75140-description | https://www.tela-botanica.org/eflore/bonnierpda/menus/077-Oleinees/p211-03.html;Floraison mai (eFlore), folioles 5-9 pétiolulées confirmées. « Seul frêne à pétales blancs » vrai pour les frênes européens seulement (d'autres frênes asiatiques ont des pétales) : préciser « seul frêne européen » serait plus juste, non sourcé ici.
Fraxinus angustifolia;conforme;;https://www.tela-botanica.org/eflore/consultation/index_mobile.php?module=mobile&referentiel=bdtfx&num_nom=28210 | https://www.tela-botanica.org/bdtfx-nn-28210-description;Smart'Flore : 20-25 m, bourgeons bruns (non noirs). « Oxyphylle » désigne parfois la sous-espèce oxycarpa.
Juniperus communis;conforme;;https://tela-botanica.org/eflore/?action=fiche&module=fiche&num_nom=36777&onglet=description&referentiel=bdtfx | https://www.tela-botanica.org/eflore/consultation/index_mobile.php?module=mobile&referentiel=bdtfx&num_nom=36777;eFlore : 1-6 m, aiguilles par 3 à une bande blanche dessus, floraison avril-mai, dioïque, galbules mûrissant en 2 ans. Botaniquement ce sont des galbules (cônes charnus) et non des baies.
Pinus halepensis;conforme;;https://tela-botanica.org/eflore/?action=fiche&module=fiche&num_nom=75290&onglet=description&referentiel=bdtfx | https://www.tela-botanica.org/eflore/consultation/index_mobile.php?module=mobile&referentiel=bdtfx&num_nom=75290;eFlore : aiguilles fines 6-10 cm vert clair, cônes réfléchis sur pédoncule épais, écorce gris argenté jeune. Smart'Flore : 20-30 m.
